INSERT INTO "users" ("id", "phone", "first_name", "last_name", "age", "gender", "weight", "role", "telegram_id", "is_active", "is_staff", "password", "created_at", "is_superuser", "updated_at", "last_login") VALUES
    ('a1b2c3d4-e5f6-7890-abcd-111111111111', '+998901234567', 'Алексей', 'Петров', '32', 'male', '82.5', 'trainer', '501234567', 'TRUE', 'TRUE', 'pbkdf2_sha256$...hashed1...', '6/15/24 10:30', 'FALSE ', '1/20/25 14:00', '2/1/25 9:15'),
    ('a1b2c3d4-e5f6-7890-abcd-222222222222', '+998937654321', 'Марина', 'Ким', '28', 'female', '58', 'trainer', '509876543', 'TRUE', 'TRUE', 'pbkdf2_sha256$...hashed2...', '7/1/24 8:00', 'FALSE ', '1/18/25 11:30', '2/3/25 7:45'),
    ('a1b2c3d4-e5f6-7890-abcd-333333333333', '+998951112233', 'Рустам', 'Каримов', '35', 'male', '90', 'trainer', '512345678', 'TRUE', 'TRUE', 'pbkdf2_sha256$...hashed3...', '8/10/24 15:00', 'FALSE ', '1/25/25 9:20', '2/4/25 12:00'),
    ('a1b2c3d4-e5f6-7890-abcd-444444444444', '+998911002030', 'Дильноза', 'Рахимова', '24', 'female', '62.3', 'student', '515551234', 'TRUE', 'FALSE', 'pbkdf2_sha256$...hashed4...', '9/20/24 12:00', 'FALSE ', '2/1/25 16:45', '2/5/25 8:30'),
    ('a1b2c3d4-e5f6-7890-abcd-555555555555', '+998944005060', 'Тимур', 'Назаров', '29', 'male', '78', 'student', '515551211', 'TRUE', 'FALSE', 'pbkdf2_sha256$...hashed5...', '10/5/24 9:00', 'FALSE ', '1/30/25 10:10', '2/4/25 18:00'),
    ('a1b2c3d4-e5f6-7890-abcd-666666666666', '+998977008090', 'Анна', 'Смирнова', '31', 'female', '55.5', 'student', '518887654', 'TRUE', 'FALSE', 'pbkdf2_sha256$...hashed6...', '11/12/24 14:30', 'FALSE ', '1/28/25 8:00', '2/3/25 20:15'),
    ('a1b2c3d4-e5f6-7890-abcd-777777777777', '+998990010203', 'Бекзод', 'Усмонов', '22', 'male', '70', 'student', '519990011', 'TRUE', 'FALSE', 'pbkdf2_sha256$...hashed7...', '1/3/25 11:00', 'FALSE ', '2/5/25 13:00', '2/6/25 10:00');

INSERT INTO "trainers" ("id", "user_id", "bio", "short_description", "specialization", "experience_years", "certificates", "photo_url", "is_verified", "created_at", "updated_at") VALUES
    ('b1000001-0000-0000-0000-000000000001', 'a1b2c3d4-e5f6-7890-abcd-111111111111', 'Сертифицированный тренер по силовым тренировкам. 10+ лет опыта работы с клиентами разного уровня подготовки.', 'Силовые тренировки и набор массы', 'Силовые тренировки, бодибилдинг', '10', '["NSCA-CPT", "ISSA Bodybuilding", "CrossFit Level 2"]', 'https://storage.nicegym.uz/trainers/alexey_petrov.jpg', 'TRUE', '6/15/24 10:35', '1/20/25 14:00'),
    ('b1000001-0000-0000-0000-000000000002', 'a1b2c3d4-e5f6-7890-abcd-222222222222', 'Специалист по женскому фитнесу и питанию. Помогаю достичь идеальной формы без жёстких диет.', 'Женский фитнес и правильное питание', 'Фитнес, йога, нутрициология', '6', '["ACE Personal Trainer", "Precision Nutrition Level 1"]', 'https://storage.nicegym.uz/trainers/marina_kim.jpg', 'TRUE', '7/1/24 8:05', '1/18/25 11:30'),
    ('b1000001-0000-0000-0000-000000000003', 'a1b2c3d4-e5f6-7890-abcd-333333333333', 'Мастер спорта по борьбе. Специализируюсь на функциональном тренинге и подготовке к соревнованиям.', 'Функциональный тренинг и единоборства', 'Функциональный тренинг, ММА', '12', '["NASM-CPT", "Мастер спорта РУз", "Kettlebell Instructor"]', 'https://storage.nicegym.uz/trainers/rustam_karimov.jpg', 'TRUE', '8/10/24 15:05', '1/25/25 9:20');

INSERT INTO "vimeo_videos" ("id", "vimeo_id", "title", "upload_status", "duration_seconds", "thumbnail_url", "playback_url", "privacy_settings", "uploaded_by_id", "created_at", "updated_at") VALUES
    ('c1000001-0000-0000-0000-000000000001', '912345678', 'Силовая тренировка на грудь и спину', 'complete', '2340', 'https://i.vimeocdn.com/video/912345678_640.jpg', 'https://player.vimeo.com/video/912345678', '{"view": "disable", "embed": "whitelist", "download": false}', 'b1000001-0000-0000-0000-000000000001', '9/10/24 8:00', '9/10/24 8:15'),
    ('c1000001-0000-0000-0000-000000000002', '912345679', 'Разминка перед тренировкой — 10 минут', 'complete', '615', 'https://i.vimeocdn.com/video/912345679_640.jpg', 'https://player.vimeo.com/video/912345679', '{"view": "disable", "embed": "whitelist", "download": false}', 'b1000001-0000-0000-0000-000000000001', '9/12/24 10:00', '9/12/24 10:10'),
    ('c1000001-0000-0000-0000-000000000003', '923456780', 'Йога для начинающих: основы поз', 'complete', '1820', 'https://i.vimeocdn.com/video/923456780_640.jpg', 'https://player.vimeo.com/video/923456780', '{"view": "disable", "embed": "whitelist", "download": false}', 'b1000001-0000-0000-0000-000000000002', '10/1/24 14:00', '10/1/24 14:30'),
    ('c1000001-0000-0000-0000-000000000004', '934567891', 'Правильное питание: расчёт калорий', 'complete', '960', 'https://i.vimeocdn.com/video/934567891_640.jpg', 'https://player.vimeo.com/video/934567891', '{"view": "disable", "embed": "whitelist", "download": false}', 'b1000001-0000-0000-0000-000000000002', '10/15/24 9:00', '10/15/24 9:20'),
    ('c1000001-0000-0000-0000-000000000005', '945678902', 'Функциональная тренировка с гирями', 'complete', '1560', 'https://i.vimeocdn.com/video/945678902_640.jpg', 'https://player.vimeo.com/video/945678902', '{"view": "disable", "embed": "whitelist", "download": false}', 'b1000001-0000-0000-0000-000000000003', '11/5/24 11:00', '11/5/24 11:25'),
    ('c1000001-0000-0000-0000-000000000006', '956789013', 'Растяжка и восстановление после тренировки', 'processing', '1600', 'https://i.vimeocdn.com/video/945678902_643.jpg', 'https://player.vimeo.com/video/9456789012', '{"view": "disable", "embed": "whitelist", "download": false}', 'b1000001-0000-0000-0000-000000000003', '2/1/25 16:00', '2/1/25 16:00');

INSERT INTO "gdrive_files" ("id", "gdrive_id", "filename", "mime_type", "file_size", "view_url", "upload_status", "uploaded_by_id", "created_at", "updated_at") VALUES
    ('d1000001-0000-0000-0000-000000000001', '1AbCdEfGhIjKlMnOpQrStUvWxYz_001', 'план_питания_новичок.pdf', 'application/pdf', '2456780', 'https://drive.google.com/file/d/1AbCdEfGhIjKlMnOpQrStUvWxYz_001/view', 'complete', 'b1000001-0000-0000-0000-000000000002', '10/20/24 9:00', '10/20/24 9:05'),
    ('d1000001-0000-0000-0000-000000000002', '1AbCdEfGhIjKlMnOpQrStUvWxYz_002', 'анатомия_мышц_спины.png', 'image/png', '856320', 'https://drive.google.com/file/d/1AbCdEfGhIjKlMnOpQrStUvWxYz_002/view', 'complete', 'b1000001-0000-0000-0000-000000000001', '10/22/24 11:30', '10/22/24 11:32'),
    ('d1000001-0000-0000-0000-000000000003', '1AbCdEfGhIjKlMnOpQrStUvWxYz_003', 'программа_тренировок_4недели.pdf', 'application/pdf', '1234560', 'https://drive.google.com/file/d/1AbCdEfGhIjKlMnOpQrStUvWxYz_003/view', 'complete', 'b1000001-0000-0000-0000-000000000001', '11/1/24 14:00', '11/1/24 14:03'),
    ('d1000001-0000-0000-0000-000000000004', '1AbCdEfGhIjKlMnOpQrStUvWxYz_004', 'техника_приседаний.jpg', 'image/jpeg', '534210', 'https://drive.google.com/file/d/1AbCdEfGhIjKlMnOpQrStUvWxYz_004/view', 'complete', 'b1000001-0000-0000-0000-000000000003', '11/10/24 16:00', '11/10/24 16:01'),
    ('d1000001-0000-0000-0000-000000000005', '1AbCdEfGhIjKlMnOpQrStUvWxYz_005', 'гид_по_восстановлению.pdf', 'application/pdf', '3120450', 'https://drive.google.com/file/d/1AbCdEfGhIjKlMnOpQrStUvWxYz_005/view', 'complete', 'b1000001-0000-0000-0000-000000000003', '12/1/24 8:30', '12/1/24 8:33');

INSERT INTO "categories" ("id", "title", "slug", "description", "icon_url", "order", "is_active", "created_at", "updated_at") VALUES
    ('e1000001-0000-0000-0000-000000000001', 'Похудение', 'weight-loss', 'Курсы для снижения веса и сушки', 'https://storage.nicegym.uz/categories/weight-loss.png', '1', 'TRUE', '6/1/24 0:00', '6/1/24 0:00'),
    ('e1000001-0000-0000-0000-000000000002', 'Набор массы', 'muscle-gain', 'Курсы для набора мышечной массы', 'https://storage.nicegym.uz/categories/muscle-gain.png', '2', 'TRUE', '6/1/24 0:00', '6/1/24 0:00'),
    ('e1000001-0000-0000-0000-000000000003', 'Йога и растяжка', 'yoga', 'Курсы йоги, растяжки и гибкости', 'https://storage.nicegym.uz/categories/yoga.png', '3', 'TRUE', '6/1/24 0:00', '6/1/24 0:00'),
    ('e1000001-0000-0000-0000-000000000004', 'Функциональный тренинг', 'functional', 'Функциональные тренировки и кроссфит', 'https://storage.nicegym.uz/categories/functional.png', '4', 'TRUE', '6/1/24 0:00', '6/1/24 0:00'),
    ('e1000001-0000-0000-0000-000000000005', 'Реабилитация', 'rehab', 'Восстановление после травм и лечебная физкультура', 'https://storage.nicegym.uz/categories/rehab.png', '5', 'FALSE', '7/15/24 0:00', '7/15/24 0:00');

INSERT INTO "courses" ("id", "trainer_id", "category_id", "title", "cover_url", "short_description", "full_description", "level", "format", "equipment", "target_weight_range", "language", "price", "duration_weeks", "status", "requirements", "goals_text", "purchases_count", "rating", "created_at", "published_at", "updated_at") VALUES
    ('f1000001-0000-0000-0000-000000000001', 'b1000001-0000-0000-0000-000000000001', 'e1000001-0000-0000-0000-000000000002', 'Силовая база: набор массы за 8 недель', 'https://cdn.example.com/silovaya-baza-nabor-massy-za-8-nedel.jpg', 'Комплексная программа для набора мышечной массы с нуля', '# Силовая база
Программа для новичков, которые хотят набрать мышечную массу. Включает тренировки 3-4 раза в неделю с прогрессией нагрузки.', 'beginner', 'gym', 'Штанга, гантели, тренажёры', '60-90 кг', 'ru', '490000', '8', 'published', 'Базовая физическая подготовка, отсутствие травм', 'Набрать 3-5 кг мышечной массы, освоить базовые упражнения', '47', '4.6', '9/15/24 10:00', '9/20/24 12:00', '9/20/24 12:00'),
    ('f1000001-0000-0000-0000-000000000002', 'b1000001-0000-0000-0000-000000000002', 'e1000001-0000-0000-0000-000000000001', 'Стройное тело: похудение дома за 4 недели', 'https://cdn.example.com/stroynoe-telo-pohudenie-doma-za-4-nedeli.jpg', 'Эффективная домашняя программа для снижения веса без оборудования', '# Стройное тело
Домашняя программа для девушек, желающих сбросить лишний вес. Тренировки 5 раз в неделю по 30-40 минут.', 'beginner', 'home', 'Коврик для йоги', '55-80 кг', 'ru', '290000', '4', 'published', 'Нет противопоказаний к физической нагрузке', 'Сбросить 3-5 кг, улучшить тонус мышц', '124', '4.8', '10/1/24 8:00', '10/5/24 10:00', '10/5/24 10:00'),
    ('f1000001-0000-0000-0000-000000000003', 'b1000001-0000-0000-0000-000000000002', 'e1000001-0000-0000-0000-000000000003', 'Йога для начинающих: гибкость за 6 недель', 'https://cdn.example.com/yoga-dlya-nachinayushchikh-gibkost-za-6-nedel.jpg', 'Освойте основы йоги и улучшите гибкость тела', '# Йога для начинающих
Мягкое знакомство с йогой. Подходит для любого уровня подготовки. 3 занятия в неделю.', 'beginner', 'home', 'Коврик для йоги, блоки', '', 'ru', '350000', '6', 'published', 'Нет противопоказаний к физической нагрузке', 'Освоить 30+ базовых асан, улучшить гибкость', '68', '4.7', '10/20/24 14:00', '10/25/24 9:00', '10/25/24 9:00'),
    ('f1000001-0000-0000-0000-000000000004', 'b1000001-0000-0000-0000-000000000003', 'e1000001-0000-0000-0000-000000000004', 'Функциональный воин: 6 недель трансформации', 'https://cdn.example.com/funktsionalnyy-voin-6-nedel-transformatsii.jpg', 'Интенсивная функциональная программа для среднего уровня', '# Функциональный воин
Программа для тех, кто уже имеет опыт тренировок. Работа с гирями, TRX и собственным весом.', 'intermediate', 'mixed', 'Гири 16/24 кг, TRX, скакалка', '70-100 кг', 'ru', '590000', '6', 'published', 'Опыт тренировок от 6 месяцев', 'Улучшить выносливость и функциональную силу', '31', '4.5', '11/10/24 11:00', '11/15/24 8:00', '11/15/24 8:00'),
    ('f1000001-0000-0000-0000-000000000005', 'b1000001-0000-0000-0000-000000000001', 'e1000001-0000-0000-0000-000000000002', 'Продвинутая гипертрофия: 12-недельный цикл', 'https://cdn.example.com/prodvinutaya-gipertrofiya-12-nedelnyy-tsikl.jpg', 'Программа периодизации для опытных атлетов', '# Продвинутая гипертрофия
Научный подход к набору массы: блочная периодизация, работа до отказа, суперсеты.', 'advanced', 'gym', 'Полный набор тренажёрного зала', '80-110 кг', 'ru', '790000', '12', 'draft', 'Опыт тренировок от 2 лет', 'Набрать 5-8 кг сухой мышечной массы', '0', '0', '1/20/25 16:00', '11/15/24 8:00', '11/15/24 8:00'),
    ('f1000001-0000-0000-0000-000000000006', 'b1000001-0000-0000-0000-000000000003', 'e1000001-0000-0000-0000-000000000001', 'HIIT-жиросжигание: интервалы за 4 недели', 'https://images.example.net/hiit-zhiroszhiganie-intervaly-za-4-nedeli.jpg', 'Высокоинтенсивные интервальные тренировки для быстрого сжигания жира', '# HIIT-жиросжигание
Программа интервальных тренировок для максимального жиросжигания. 4 раза в неделю по 25-35 минут.', 'intermediate', 'home', 'Скакалка, гантели 3-5 кг', '65-95 кг', 'ru', '390000', '4', 'published', 'Базовая выносливость, отсутствие проблем с сердцем', 'Сбросить 4-6 кг жира, повысить выносливость', '89', '4.7', '11/24/24 9:00', '11/29/24 10:00', '11/29/24 10:00'),
    ('f1000001-0000-0000-0000-000000000007', 'b1000001-0000-0000-0000-000000000001', 'e1000001-0000-0000-0000-000000000002', 'Массонабор для эктоморфов: 10 недель', 'https://cdn.example.com/images/massonabor-dlya-ektomorfov-10-nedel.jpg', 'Специальная программа набора массы для худощавого телосложения', '# Массонабор для эктоморфов
Программа с акцентом на базовые многосуставные упражнения и высококалорийное питание. 4 тренировки в неделю.', 'beginner', 'gym', 'Штанга, гантели, тренажёры', '55-75 кг', 'ru', '550000', '10', 'published', 'Нет противопоказаний к силовым нагрузкам', 'Набрать 5-7 кг массы, увеличить силовые показатели', '36', '4.4', '12/4/24 12:00', '12/9/24 9:00', '12/9/24 9:00'),
    ('f1000001-0000-0000-0000-000000000008', 'b1000001-0000-0000-0000-000000000002', 'e1000001-0000-0000-0000-000000000003', 'Пилатес: сильный кор за 6 недель', 'https://cdn.example.com/pilates-silnyy-kor-za-6-nedel.jpg', 'Укрепление кора и улучшение осанки с помощью пилатеса', '# Пилатес: сильный кор
Классический пилатес с фокусом на мышцы кора и спины. 4 занятия в неделю по 40 минут.', 'beginner', 'home', 'Коврик для йоги, фитнес-резинки', '60-90 кг', 'ru', '320000', '6', 'published', 'Нет противопоказаний к физической нагрузке', 'Укрепить мышцы кора, улучшить осанку и баланс', '52', '4.8', '12/14/24 10:00', '12/19/24 12:00', '12/19/24 12:00'),
    ('f1000001-0000-0000-0000-000000000009', 'b1000001-0000-0000-0000-000000000003', 'e1000001-0000-0000-0000-000000000004', 'Кроссфит для начинающих: 8 недель', 'https://cdn.example.com/krossfit-dlya-nachinayushchikh-8-nedel.jpg', 'Подготовительная программа кроссфита с нуля', '# Кроссфит для начинающих
Плавное введение в мир кроссфита. Освоение базовых движений, работа с собственным весом и лёгким инвентарём.', 'beginner', 'mixed', 'Турник, гири 8/12 кг, скакалка', '60-90 кг', 'ru', '450000', '8', 'published', 'Базовая физическая подготовка', 'Освоить базовые движения кроссфита, улучшить общую физическую форму', '43', '4.6', '12/19/24 14:00', '12/24/24 9:00', '12/24/24 9:00'),
    ('f1000001-0000-0000-0000-000000000010', 'b1000001-0000-0000-0000-000000000002', 'e1000001-0000-0000-0000-000000000003', 'Растяжка на шпагат: 8 недель', 'https://cdn.example.com/rastjazhka-na-shpagat-8-nedel.jpg', 'Пошаговая программа для достижения продольного и поперечного шпагата', '# Растяжка на шпагат
Последовательная программа растяжки с ежедневными 20-минутными занятиями. Подходит для любого уровня гибкости.', 'beginner', 'home', 'Коврик для йоги, блоки для йоги', '60-90 кг', 'ru', '280000', '8', 'published', 'Нет противопоказаний к физической нагрузке', 'Сесть на продольный шпагат, улучшить подвижность суставов', '95', '4.9', '12/24/24 10:00', '12/29/24 12:00', '12/29/24 12:00'),
    ('f1000001-0000-0000-0000-000000000011', 'b1000001-0000-0000-0000-000000000002', 'e1000001-0000-0000-0000-000000000002', 'Силовая для девушек: тонус тела за 6 недель', 'https://cdn.example.com/silovaya-dlya-devushek-tonus-tela-za-6-nedel.jpg', 'Силовые тренировки для женщин с акцентом на ягодицы и пресс', '# Силовая для девушек
Программа силовых тренировок, адаптированная для женщин. Акцент на ягодичные мышцы, пресс и верхнюю часть тела.', 'beginner', 'gym', 'Гантели, тренажёры, фитнес-резинки', '50-70 кг', 'ru', '420000', '6', 'published', 'Нет противопоказаний к физической нагрузке', 'Подтянуть тело, укрепить ягодичные мышцы и пресс', '78', '4.8', '12/29/24 14:00', '1/3/25 9:00', '1/3/25 9:00'),
    ('f1000001-0000-0000-0000-000000000012', 'b1000001-0000-0000-0000-000000000001', 'e1000001-0000-0000-0000-000000000004', 'Утренняя зарядка: 30 дней энергии', 'https://cdn.example.com/utrennyaya-zaryadka-30-dney-energii.jpg', 'Ежедневные 15-минутные утренние тренировки для бодрости', '# Утренняя зарядка
Короткие утренние тренировки без оборудования. Каждый день — новый комплекс упражнений на 15 минут.', 'beginner', 'home', 'Без оборудования', '60-90 кг', 'ru', '190000', '4', 'published', 'Нет противопоказаний к физической нагрузке', 'Выработать привычку к утренним тренировкам, повысить энергию', '156', '4.5', '1/3/25 10:00', '1/8/25 12:00', '1/8/25 12:00'),
    ('f1000001-0000-0000-0000-000000000013', 'b1000001-0000-0000-0000-000000000003', 'e1000001-0000-0000-0000-000000000004', 'Боксёрская подготовка: 6 недель', 'https://cdn.example.com/bokserskaya-podgotovka-6-nedel.jpg', 'Тренировки в стиле бокса для силы, скорости и выносливости', '# Боксёрская подготовка
Программа физической подготовки на основе бокса. Работа на мешке, скакалка, теневой бой и ОФП.', 'intermediate', 'mixed', 'Боксёрские перчатки, скакалка, мешок', '65-95 кг', 'ru', '520000', '6', 'published', 'Нет противопоказаний к физической нагрузке', 'Улучшить координацию, скорость и выносливость', '27', '4.6', '1/8/25 14:00', '1/13/25 9:00', '1/13/25 9:00'),
    ('f1000001-0000-0000-0000-000000000014', 'b1000001-0000-0000-0000-000000000002', 'e1000001-0000-0000-0000-000000000003', 'Антистресс йога: вечерние практики', 'https://images.example.net/antistress-yoga-vechernie-praktiki.jpg', 'Расслабляющая йога перед сном для снятия стресса и улучшения сна', '# Антистресс йога
Вечерние практики йоги для расслабления тела и ума. Дыхательные техники, медитация и мягкая растяжка.', 'beginner', 'home', 'Коврик для йоги', '60-90 кг', 'ru', '250000', '4', 'published', 'Нет противопоказаний к физической нагрузке', 'Снизить уровень стресса, улучшить качество сна', '112', '4.9', '1/13/25 10:00', '1/18/25 12:00', '1/18/25 12:00'),
    ('f1000001-0000-0000-0000-000000000015', 'b1000001-0000-0000-0000-000000000001', 'e1000001-0000-0000-0000-000000000001', 'Сушка для продвинутых: 10 недель', 'https://images.example.net/sushka-dlya-prodvinutykh-10-nedel.webp', 'Программа сушки с сохранением мышечной массы для опытных атлетов', '# Сушка для продвинутых
Научный подход к сушке: циклическое питание, кардио-протоколы и силовые тренировки для максимального рельефа.', 'advanced', 'gym', 'Полный набор тренажёрного зала, кардиотренажёры', '75-100 кг', 'ru', '690000', '10', 'draft', 'Опыт тренировок от 2 лет, процент жира не более 20%', 'Снизить процент жира до 10-12%, сохранить мышечную массу', '0', '0', '1/23/25 14:00', '1/23/25 14:00', '1/23/25 14:00');

INSERT INTO "course_modules" ("id", "course_id", "type", "priority", "is_primary", "is_filled", "created_at", "updated_at") VALUES
    ('2e1a7c3b-8d4f-4b2a-8c9e-1f7b2d4e5a6c', 'f1000001-0000-0000-0000-000000000001', 'training', '5', 'TRUE', 'TRUE', '9/15/24 10:05', '12/1/24 8:00'),
    ('3e1f2a4b-8c7d-4e2a-9b1c-5f6a7d8e9c0b', 'f1000001-0000-0000-0000-000000000001', 'nutrition', '4', 'FALSE', 'TRUE', '9/15/24 10:06', '11/20/24 10:00'),
    ('2e1c4b7a-3f2d-4c8a-8e1b-7d6c5a9f3e2b', 'f1000001-0000-0000-0000-000000000001', 'theory', '3', 'FALSE', 'TRUE', '9/15/24 10:07', '11/15/24 9:00'),
    ('2e1a3c7b-8f4d-4b2a-9c8e-7d5f1a2b3c4e', 'f1000001-0000-0000-0000-000000000001', 'recovery', '2', 'FALSE', 'FALSE', '9/15/24 10:08', '9/15/24 10:08'),
    ('2e1a3c7b-8f2d-4b6e-9a1c-7d3e5b2c4f8a', 'f1000001-0000-0000-0000-000000000002', 'training', '5', 'TRUE', 'TRUE', '10/1/24 8:05', '12/10/24 14:00'),
    ('3e8f2b1a-7c4d-4b3e-8a9f-2d1c6e5b4a7f', 'f1000001-0000-0000-0000-000000000002', 'nutrition', '4', 'FALSE', 'TRUE', '10/1/24 8:06', '11/28/24 11:00'),
    ('2e1a3b4c-8d9f-4e2b-9a1c-7f6e5d4c3b2a', 'f1000001-0000-0000-0000-000000000003', 'training', '5', 'TRUE', 'TRUE', '10/20/24 14:05', '12/15/24 9:00'),
    ('2e1a4c3b-8d7f-4e2a-9b1c-3f6e8a2d7c5b', 'f1000001-0000-0000-0000-000000000003', 'theory', '3', 'FALSE', 'TRUE', '10/20/24 14:06', '12/5/24 16:00'),
    ('2e1a3c7f-8b4d-4e2a-9c1b-7f6d3e8a2b4c', 'f1000001-0000-0000-0000-000000000004', 'training', '5', 'TRUE', 'TRUE', '11/10/24 11:05', '1/5/25 10:00'),
    ('3e1a7c2b-8d4f-4c3a-9b2e-7f6d1e5a4c8b', 'f1000001-0000-0000-0000-000000000004', 'recovery', '4', 'FALSE', 'TRUE', '11/10/24 11:06', '1/10/25 8:00'),
    ('3e1a2b4c-8d5f-4e7a-9b2c-1f6e3d8a7c5b', 'f1000001-0000-0000-0000-000000000006', 'training', '5', 'TRUE', 'TRUE', '11/24/24 9:05', '12/24/24 9:00'),
    ('3e1a7c2b-8d4f-4c3a-9b2e-7f6d1e5a4c8f', 'f1000001-0000-0000-0000-000000000006', 'nutrition', '4', 'FALSE', 'TRUE', '11/24/24 9:06', '12/19/24 10:00'),
    ('3e1a2b4c-8d7f-4c3e-9a1b-2f6e8d5c7a3b', 'f1000001-0000-0000-0000-000000000007', 'training', '5', 'TRUE', 'TRUE', '12/4/24 12:05', '1/3/25 14:00'),
    ('3e1a2b4c-8d7f-4c3e-9a1b-2f6e8d5c7a3e', 'f1000001-0000-0000-0000-000000000007', 'nutrition', '4', 'FALSE', 'TRUE', '12/4/24 12:06', '12/29/24 10:00'),
    ('3e1a9b2c-8f7d-4c3e-9a1b-2d4e6f8a7c5b', 'f1000001-0000-0000-0000-000000000008', 'training', '5', 'TRUE', 'TRUE', '12/14/24 10:05', '1/13/25 9:00'),
    ('3e1a2c4b-8d7f-4c3a-9b2e-1f6d8a7c5e4f', 'f1000001-0000-0000-0000-000000000008', 'theory', '3', 'FALSE', 'TRUE', '12/14/24 10:06', '1/8/25 14:00'),
    ('2e1a3c7b-8f2d-4b6e-9a1c-3d7e5b2c8f4a', 'f1000001-0000-0000-0000-000000000009', 'training', '5', 'TRUE', 'TRUE', '12/19/24 14:05', '1/18/25 10:00'),
    ('3e1a7c2b-8f4e-4d3a-9b1c-2f6e8d7a5c4b', 'f1000001-0000-0000-0000-000000000009', 'recovery', '2', 'FALSE', 'FALSE', '12/19/24 14:06', '12/19/24 14:06'),
    ('2e1a7c3b-8f2d-4c6e-8a9b-1d3e5f7a2c4b', 'f1000001-0000-0000-0000-000000000010', 'training', '5', 'TRUE', 'TRUE', '12/24/24 10:05', '1/23/25 9:00'),
    ('3e1a9c2f-8b7d-4c3a-9f2b-7d6e1c4a5b8f', 'f1000001-0000-0000-0000-000000000010', 'theory', '3', 'FALSE', 'TRUE', '12/24/24 10:06', '1/18/25 14:00'),
    ('2e1c4b7a-3f2d-4c1e-8a9b-7d6e5c4b3a1f', 'f1000001-0000-0000-0000-000000000011', 'training', '5', 'TRUE', 'TRUE', '12/29/24 14:05', '1/28/25 9:00'),
    ('2e1a3c7b-8d4f-4c6a-8b2e-1f9d3e7a5c4b', 'f1000001-0000-0000-0000-000000000011', 'nutrition', '4', 'FALSE', 'TRUE', '12/29/24 14:06', '1/23/25 10:00'),
    ('2e1a3c7b-8f2d-4b6e-9a8c-1d3e5f7a2b4c', 'f1000001-0000-0000-0000-000000000012', 'training', '5', 'TRUE', 'TRUE', '1/3/25 10:05', '2/2/25 9:00'),
    ('3e1a9b7c-2d4f-4b8a-8c1e-7f2d3a9b5c6e', 'f1000001-0000-0000-0000-000000000012', 'theory', '3', 'FALSE', 'FALSE', '1/3/25 10:06', '1/3/25 10:06'),
    ('2e1a7c3b-8d4f-4c6a-9b2e-7f3d1e8c5a4b', 'f1000001-0000-0000-0000-000000000013', 'training', '5', 'TRUE', 'TRUE', '1/8/25 14:05', '2/7/25 9:00'),
    ('2e1a4b7c-3d2f-4e8a-8c1b-7f6e5d4c3b2a', 'f1000001-0000-0000-0000-000000000013', 'recovery', '2', 'FALSE', 'TRUE', '1/8/25 14:06', '2/2/25 10:00'),
    ('3e1a2b4c-8d7f-4c3e-9a1b-2f6d8e4c7b5a', 'f1000001-0000-0000-0000-000000000014', 'training', '5', 'TRUE', 'TRUE', '1/13/25 10:05', '2/12/25 9:00'),
    ('2e1a3c7f-8b4d-4e2a-9c8b-7f6d3e1b5a4c', 'f1000001-0000-0000-0000-000000000014', 'theory', '3', 'FALSE', 'TRUE', '1/13/25 10:06', '2/7/25 14:00'),
    ('3e1a2b4c-8d5f-4c3e-9a8b-7f6e5d4c3b2a', 'f1000001-0000-0000-0000-000000000015', 'training', '5', 'TRUE', 'FALSE', '1/23/25 14:05', '1/23/25 14:05'),
    ('3e1f2c4a-8b7d-4c3e-9a2b-6d5e7c8f1a0b', 'f1000001-0000-0000-0000-000000000015', 'nutrition', '4', 'FALSE', 'FALSE', '1/23/25 14:06', '1/23/25 14:06');

INSERT INTO "module_contents" ("id", "module_id", "title", "order", "vimeo_video_id", "gdrive_file_id", "content_type", "is_preview", "created_at") VALUES
    ('b1000001-0000-0000-0000-000000000001', '3e1f2a4b-8c7d-4e2a-9b1c-5f6a7d8e9c0b', 'План питания на набор массы', '1', NULL, 'd1000001-0000-0000-0000-000000000001', 'pdf', 'TRUE', '10/25/24 9:00'),
    ('b1000001-0000-0000-0000-000000000002', '3e1f2a4b-8c7d-4e2a-9b1c-5f6a7d8e9c0b', 'Видео: расчёт калорий и БЖУ', '2', 'c1000001-0000-0000-0000-000000000004', NULL, 'video', 'FALSE', '10/25/24 9:10'),
    ('b1000001-0000-0000-0000-000000000003', '2e1c4b7a-3f2d-4c8a-8e1b-7d6c5a9f3e2b', 'Анатомия мышц спины', '1', NULL, 'd1000001-0000-0000-0000-000000000002', 'image', 'TRUE', '11/1/24 8:00'),
    ('b1000001-0000-0000-0000-000000000004', '2e1c4b7a-3f2d-4c8a-8e1b-7d6c5a9f3e2b', 'Основы биомеханики приседаний', '2', NULL, 'd1000001-0000-0000-0000-000000000004', 'image', 'FALSE', '11/1/24 8:15'),
    ('b1000001-0000-0000-0000-000000000005', '3e8f2b1a-7c4d-4b3e-8a9f-2d1c6e5b4a7f', 'План питания на похудение', '1', NULL, 'd1000001-0000-0000-0000-000000000001', 'pdf', 'TRUE', '11/5/24 10:00'),
    ('b1000001-0000-0000-0000-000000000006', '2e1a4c3b-8d7f-4e2a-9b1c-3f6e8a2d7c5b', 'Видео: основы йоги и дыхание', '1', 'c1000001-0000-0000-0000-000000000003', NULL, 'video', 'TRUE', '11/10/24 14:00'),
    ('b1000001-0000-0000-0000-000000000007', '3e1a7c2b-8d4f-4c3a-9b2e-7f6d1e5a4c8b', 'Гид по восстановлению после тренировок', '1', NULL, 'd1000001-0000-0000-0000-000000000005', 'pdf', 'FALSE', '1/12/25 8:30'),
    ('b1000001-0000-0000-0000-000000000008', '3e1a7c2b-8d4f-4c3a-9b2e-7f6d1e5a4c8f', 'План питания для HIIT-тренировок', '1', NULL, 'd1000001-0000-0000-0000-000000000001', 'pdf', 'TRUE', '11/29/24 9:00'),
    ('b1000001-0000-0000-0000-000000000009', '3e1a2b4c-8d7f-4c3e-9a1b-2f6e8d5c7a3e', 'Высококалорийное питание: гид для эктоморфа', '1', NULL, 'd1000001-0000-0000-0000-000000000001', 'pdf', 'TRUE', '12/9/24 10:00'),
    ('b1000001-0000-0000-0000-000000000010', '3e1a2b4c-8d7f-4c3e-9a1b-2f6e8d5c7a3e', 'Видео: расчёт калорий для набора массы', '2', 'c1000001-0000-0000-0000-000000000004', NULL, 'video', 'FALSE', '12/9/24 10:10'),
    ('b1000001-0000-0000-0000-000000000011', '3e1a2c4b-8d7f-4c3a-9b2e-1f6d8a7c5e4f', 'Основы анатомии кора и тазового дна', '1', NULL, 'd1000001-0000-0000-0000-000000000002', 'image', 'TRUE', '12/19/24 14:00'),
    ('b1000001-0000-0000-0000-000000000012', '3e1a9c2f-8b7d-4c3a-9f2b-7d6e1c4a5b8f', 'Анатомия растяжки: как работают мышцы', '1', NULL, 'd1000001-0000-0000-0000-000000000002', 'image', 'TRUE', '12/29/24 9:00'),
    ('b1000001-0000-0000-0000-000000000013', '2e1a3c7b-8d4f-4c6a-8b2e-1f9d3e7a5c4b', 'Женское питание для тонуса: гид', '1', NULL, 'd1000001-0000-0000-0000-000000000001', 'pdf', 'TRUE', '1/3/25 10:00'),
    ('b1000001-0000-0000-0000-000000000014', '3e1a9b7c-2d4f-4b8a-8c1e-7f2d3a9b5c6e', 'Восстановление боксёра: суставы и связки', '1', NULL, 'd1000001-0000-0000-0000-000000000005', 'pdf', 'FALSE', '1/13/25 9:00'),
    ('b1000001-0000-0000-0000-000000000015', '2e1a4b7c-3d2f-4e8a-8c1b-7f6e5d4c3b2a', 'Видео: дыхательные техники для расслабления', '1', 'c1000001-0000-0000-0000-000000000003', NULL, 'video', 'TRUE', '1/18/25 14:00');

INSERT INTO "training_variants" ("id", "course_id", "variant_number", "name", "description", "is_required", "created_at", "updated_at") VALUES
    ('b1000001-0000-0000-0000-000000000001', 'f1000001-0000-0000-0000-000000000001', '1', '3 раза в неделю', 'Оптимальный вариант для новичков', 'TRUE', '9/16/24 8:00', '9/16/24 8:00'),
    ('b1000001-0000-0000-0000-000000000002', 'f1000001-0000-0000-0000-000000000001', '2', '4 раза в неделю', 'Интенсивный вариант для быстрого прогресса', 'FALSE', '9/16/24 8:10', '9/16/24 8:10'),
    ('b1000001-0000-0000-0000-000000000003', 'f1000001-0000-0000-0000-000000000002', '1', '5 раз в неделю', 'Ежедневные короткие тренировки по 30 минут', 'TRUE', '10/2/24 9:00', '10/2/24 9:00'),
    ('b1000001-0000-0000-0000-000000000004', 'f1000001-0000-0000-0000-000000000002', '2', '3 раза в неделю', 'Щадящий режим для занятых', 'FALSE', '10/2/24 9:10', '10/2/24 9:10'),
    ('b1000001-0000-0000-0000-000000000005', 'f1000001-0000-0000-0000-000000000004', '1', '4 раза в неделю', 'Стандартный функциональный сплит', 'TRUE', '11/11/24 10:00', '11/11/24 10:00'),
    ('b1000001-0000-0000-0000-000000000006', 'f1000001-0000-0000-0000-000000000006', '1', '4 раза в неделю', 'Стандартный HIIT-протокол', 'TRUE', '11/25/24 9:00', '11/25/24 9:00'),
    ('b1000001-0000-0000-0000-000000000007', 'f1000001-0000-0000-0000-000000000007', '1', '4 раза в неделю', 'Верх/низ сплит для набора массы', 'TRUE', '12/5/24 9:00', '12/5/24 9:00'),
    ('b1000001-0000-0000-0000-000000000008', 'f1000001-0000-0000-0000-000000000008', '1', '4 раза в неделю', 'Полный курс пилатеса', 'TRUE', '12/15/24 9:00', '12/15/24 9:00'),
    ('b1000001-0000-0000-0000-000000000009', 'f1000001-0000-0000-0000-000000000009', '1', '3 раза в неделю', 'Щадящий ввод в кроссфит', 'TRUE', '12/20/24 9:00', '12/20/24 9:00'),
    ('b1000001-0000-0000-0000-000000000010', 'f1000001-0000-0000-0000-000000000009', '2', '5 раз в неделю', 'Интенсивный режим кроссфита', 'FALSE', '12/20/24 9:10', '12/20/24 9:10'),
    ('b1000001-0000-0000-0000-000000000011', 'f1000001-0000-0000-0000-000000000010', '1', 'Ежедневно', 'Короткие ежедневные растяжки по 20 минут', 'TRUE', '12/25/24 9:00', '12/25/24 9:00'),
    ('b1000001-0000-0000-0000-000000000012', 'f1000001-0000-0000-0000-000000000011', '1', '3 раза в неделю', 'Полное тело за 3 тренировки', 'TRUE', '12/30/24 9:00', '12/30/24 9:00'),
    ('b1000001-0000-0000-0000-000000000013', 'f1000001-0000-0000-0000-000000000012', '1', 'Ежедневно', '15-минутная утренняя зарядка каждый день', 'TRUE', '1/4/25 9:00', '1/4/25 9:00'),
    ('b1000001-0000-0000-0000-000000000014', 'f1000001-0000-0000-0000-000000000013', '1', '4 раза в неделю', 'Боксёрский тренировочный сплит', 'TRUE', '1/9/25 9:00', '1/9/25 9:00'),
    ('b1000001-0000-0000-0000-000000000015', 'f1000001-0000-0000-0000-000000000014', '1', '5 раз в неделю', 'Вечерняя практика перед сном', 'TRUE', '1/14/25 9:00', '1/14/25 9:00');

INSERT INTO "week_schedules" ("id", "variant_id", "week_number", "created_at") VALUES
    ('c1000001-0000-0000-0000-000000000001', 'b1000001-0000-0000-0000-000000000001', '1', '9/16/24 8:30'),
    ('c1000001-0000-0000-0000-000000000002', 'b1000001-0000-0000-0000-000000000001', '2', '9/16/24 8:31'),
    ('c1000001-0000-0000-0000-000000000003', 'b1000001-0000-0000-0000-000000000002', '1', '9/16/24 8:40'),
    ('c1000001-0000-0000-0000-000000000004', 'b1000001-0000-0000-0000-000000000003', '1', '10/2/24 9:30'),
    ('c1000001-0000-0000-0000-000000000005', 'b1000001-0000-0000-0000-000000000003', '2', '10/2/24 9:31'),
    ('c1000001-0000-0000-0000-000000000006', 'b1000001-0000-0000-0000-000000000005', '1', '11/11/24 10:30'),
    ('c1000001-0000-0000-0000-000000000007', 'b1000001-0000-0000-0000-000000000006', '1', '11/25/24 9:30'),
    ('c1000001-0000-0000-0000-000000000008', 'b1000001-0000-0000-0000-000000000007', '1', '12/5/24 9:30'),
    ('c1000001-0000-0000-0000-000000000009', 'b1000001-0000-0000-0000-000000000008', '1', '12/15/24 9:30'),
    ('c1000001-0000-0000-0000-000000000010', 'b1000001-0000-0000-0000-000000000009', '1', '12/20/24 9:30'),
    ('c1000001-0000-0000-0000-000000000011', 'b1000001-0000-0000-0000-000000000010', '1', '12/20/24 10:00'),
    ('c1000001-0000-0000-0000-000000000012', 'b1000001-0000-0000-0000-000000000011', '1', '12/25/24 9:30'),
    ('c1000001-0000-0000-0000-000000000013', 'b1000001-0000-0000-0000-000000000012', '1', '12/30/24 9:30'),
    ('c1000001-0000-0000-0000-000000000014', 'b1000001-0000-0000-0000-000000000013', '1', '1/4/25 9:30'),
    ('c1000001-0000-0000-0000-000000000015', 'b1000001-0000-0000-0000-000000000014', '1', '1/9/25 9:30'),
    ('c1000001-0000-0000-0000-000000000016', 'b1000001-0000-0000-0000-000000000015', '1', '1/14/25 9:30');

INSERT INTO "day_schedules" ("id", "week_id", "day_of_week", "is_rest_day", "created_at") VALUES
    ('a1000001-0000-0000-0000-000000000001', 'c1000001-0000-0000-0000-000000000001', '1', 'FALSE', '9/16/24 9:00'),
    ('a1000001-0000-0000-0000-000000000002', 'c1000001-0000-0000-0000-000000000001', '3', 'FALSE', '9/16/24 9:01'),
    ('a1000001-0000-0000-0000-000000000003', 'c1000001-0000-0000-0000-000000000001', '5', 'FALSE', '9/16/24 9:02'),
    ('a1000001-0000-0000-0000-000000000004', 'c1000001-0000-0000-0000-000000000001', '2', 'TRUE', '9/16/24 9:03'),
    ('a1000001-0000-0000-0000-000000000005', 'c1000001-0000-0000-0000-000000000004', '1', 'FALSE', '10/2/24 10:00'),
    ('a1000001-0000-0000-0000-000000000006', 'c1000001-0000-0000-0000-000000000004', '3', 'FALSE', '10/2/24 10:01'),
    ('a1000001-0000-0000-0000-000000000007', 'c1000001-0000-0000-0000-000000000006', '2', 'FALSE', '11/11/24 11:00'),
    ('a1000001-0000-0000-0000-000000000008', 'c1000001-0000-0000-0000-000000000007', '1', 'FALSE', '11/25/24 10:00'),
    ('a1000001-0000-0000-0000-000000000009', 'c1000001-0000-0000-0000-000000000008', '1', 'FALSE', '12/5/24 10:00'),
    ('a1000001-0000-0000-0000-000000000010', 'c1000001-0000-0000-0000-000000000009', '2', 'FALSE', '12/15/24 10:00'),
    ('a1000001-0000-0000-0000-000000000011', 'c1000001-0000-0000-0000-000000000010', '1', 'FALSE', '12/20/24 10:30'),
    ('a1000001-0000-0000-0000-000000000012', 'c1000001-0000-0000-0000-000000000011', '1', 'FALSE', '12/20/24 11:00'),
    ('a1000001-0000-0000-0000-000000000013', 'c1000001-0000-0000-0000-000000000012', '1', 'FALSE', '12/25/24 10:00'),
    ('a1000001-0000-0000-0000-000000000014', 'c1000001-0000-0000-0000-000000000013', '3', 'FALSE', '12/30/24 10:00'),
    ('a1000001-0000-0000-0000-000000000015', 'c1000001-0000-0000-0000-000000000014', '1', 'FALSE', '1/4/25 10:00'),
    ('a1000001-0000-0000-0000-000000000016', 'c1000001-0000-0000-0000-000000000015', '2', 'FALSE', '1/9/25 10:00'),
    ('a1000001-0000-0000-0000-000000000017', 'c1000001-0000-0000-0000-000000000016', '1', 'FALSE', '1/14/25 10:00');

INSERT INTO "day_contents" ("id", "day_id", "vimeo_video_id", "gdrive_file_id", "order", "title", "content_type", "created_at") VALUES
    ('b1000001-0000-0000-0000-000000000001', 'a1000001-0000-0000-0000-000000000001', 'c1000001-0000-0000-0000-000000000001', NULL, '1', 'Силовая тренировка: грудь и спина', 'video', '9/17/24 8:00'),
    ('b1000001-0000-0000-0000-000000000002', 'a1000001-0000-0000-0000-000000000001', 'c1000001-0000-0000-0000-000000000002', NULL, '2', 'Разминка перед тренировкой', 'video', '9/17/24 8:05'),
    ('b1000001-0000-0000-0000-000000000003', 'a1000001-0000-0000-0000-000000000001', NULL, 'd1000001-0000-0000-0000-000000000003', '3', 'Программа тренировки (день 1)', 'pdf', '9/17/24 8:10'),
    ('b1000001-0000-0000-0000-000000000004', 'a1000001-0000-0000-0000-000000000002', 'c1000001-0000-0000-0000-000000000001', NULL, '1', 'Силовая: ноги и плечи', 'video', '9/18/24 8:00'),
    ('b1000001-0000-0000-0000-000000000005', 'a1000001-0000-0000-0000-000000000003', 'c1000001-0000-0000-0000-000000000005', NULL, '1', 'Функциональная тренировка с гирями', 'video', '9/19/24 8:00'),
    ('b1000001-0000-0000-0000-000000000006', 'a1000001-0000-0000-0000-000000000005', 'c1000001-0000-0000-0000-000000000003', NULL, '1', 'Йога: основные позы стоя', 'video', '10/3/24 10:00'),
    ('b1000001-0000-0000-0000-000000000007', 'a1000001-0000-0000-0000-000000000007', 'c1000001-0000-0000-0000-000000000005', NULL, '1', 'Функциональный круговой тренинг', 'video', '11/12/24 11:00'),
    ('b1000001-0000-0000-0000-000000000008', 'a1000001-0000-0000-0000-000000000008', 'c1000001-0000-0000-0000-000000000005', NULL, '1', 'HIIT-тренировка: интервалы 30/10', 'video', '11/26/24 9:00'),
    ('b1000001-0000-0000-0000-000000000009', 'a1000001-0000-0000-0000-000000000009', 'c1000001-0000-0000-0000-000000000001', NULL, '1', 'Силовая тренировка: верхняя часть тела', 'video', '12/6/24 9:00'),
    ('b1000001-0000-0000-0000-000000000010', 'a1000001-0000-0000-0000-000000000009', NULL, 'd1000001-0000-0000-0000-000000000003', '2', 'Программа тренировки (верх)', 'pdf', '12/6/24 9:10'),
    ('b1000001-0000-0000-0000-000000000011', 'a1000001-0000-0000-0000-000000000010', 'c1000001-0000-0000-0000-000000000003', NULL, '1', 'Пилатес: базовые упражнения для кора', 'video', '12/16/24 9:00'),
    ('b1000001-0000-0000-0000-000000000012', 'a1000001-0000-0000-0000-000000000011', 'c1000001-0000-0000-0000-000000000005', NULL, '1', 'Кроссфит WOD: базовые движения', 'video', '12/21/24 9:00'),
    ('b1000001-0000-0000-0000-000000000013', 'a1000001-0000-0000-0000-000000000013', 'c1000001-0000-0000-0000-000000000003', NULL, '1', 'Растяжка: подготовка к шпагату', 'video', '12/26/24 9:00'),
    ('b1000001-0000-0000-0000-000000000014', 'a1000001-0000-0000-0000-000000000014', 'c1000001-0000-0000-0000-000000000001', NULL, '1', 'Силовая для девушек: ягодицы и ноги', 'video', '12/31/24 9:00'),
    ('b1000001-0000-0000-0000-000000000015', 'a1000001-0000-0000-0000-000000000015', 'c1000001-0000-0000-0000-000000000002', NULL, '1', 'Утренняя зарядка: день 1', 'video', '1/5/25 9:00'),
    ('b1000001-0000-0000-0000-000000000016', 'a1000001-0000-0000-0000-000000000016', 'c1000001-0000-0000-0000-000000000005', NULL, '1', 'Боксёрская тренировка: основы ударов', 'video', '1/10/25 9:00'),
    ('b1000001-0000-0000-0000-000000000017', 'a1000001-0000-0000-0000-000000000017', 'c1000001-0000-0000-0000-000000000003', NULL, '1', 'Вечерняя йога: расслабление и дыхание', 'video', '1/15/25 9:00');

INSERT INTO "enrollments" ("id", "user_id", "course_id", "variant_id", "amount_paid", "payment_method", "payment_id", "is_active", "variant_locked", "created_at", "updated_at") VALUES
    ('d1001021-0000-0000-0000-000000000001', 'a1b2c3d4-e5f6-7890-abcd-444444444444', 'f1000001-0000-0000-0000-000000000002', 'b1000001-0000-0000-0000-000000000003', '290000', 'payme', 'pay_txn_001abc', 'TRUE', 'TRUE', '10/10/24 12:00', '10/10/24 12:30'),
    ('d1001021-0000-0000-0000-000000000002', 'a1b2c3d4-e5f6-7890-abcd-555555555555', 'f1000001-0000-0000-0000-000000000001', 'b1000001-0000-0000-0000-000000000001', '490000', 'click', 'clk_txn_002def', 'TRUE', 'TRUE', '10/15/24 9:00', '10/15/24 9:45'),
    ('d1001021-0000-0000-0000-000000000003', 'a1b2c3d4-e5f6-7890-abcd-666666666666', 'f1000001-0000-0000-0000-000000000003', NULL, '350000', 'payme', 'pay_txn_003ghi', 'TRUE', 'FALSE', '11/1/24 14:00', '11/1/24 14:00'),
    ('d1001021-0000-0000-0000-000000000004', 'a1b2c3d4-e5f6-7890-abcd-666666666666', 'f1000001-0000-0000-0000-000000000002', 'b1000001-0000-0000-0000-000000000004', '290000', 'click', 'clk_txn_004jkl', 'TRUE', 'TRUE', '11/20/24 10:00', '11/20/24 10:20'),
    ('d1001021-0000-0000-0000-000000000005', 'a1b2c3d4-e5f6-7890-abcd-777777777777', 'f1000001-0000-0000-0000-000000000004', 'b1000001-0000-0000-0000-000000000005', '590000', 'payme', 'pay_txn_005mno', 'TRUE', 'TRUE', '12/5/24 11:00', '12/5/24 11:15'),
    ('d1001021-0000-0000-0000-000000000006', 'a1b2c3d4-e5f6-7890-abcd-444444444444', 'f1000001-0000-0000-0000-000000000001', 'b1000001-0000-0000-0000-000000000002', '490000', 'payme', 'pay_txn_006pqr', 'TRUE', 'TRUE', '1/10/25 8:00', '1/10/25 8:30'),
    ('d1001021-0000-0000-0000-000000000007', 'a1b2c3d4-e5f6-7890-abcd-444444444444', 'f1000001-0000-0000-0000-000000000006', 'b1000001-0000-0000-0000-000000000006', '390000', 'payme', 'pay_txn_007stu', 'TRUE', 'TRUE', '12/4/24 10:00', '12/4/24 10:30'),
    ('d1001021-0000-0000-0000-000000000008', 'a1b2c3d4-e5f6-7890-abcd-555555555555', 'f1000001-0000-0000-0000-000000000008', 'b1000001-0000-0000-0000-000000000008', '320000', 'click', 'clk_txn_008vwx', 'TRUE', 'TRUE', '12/22/24 12:00', '12/22/24 12:30'),
    ('d1001021-0000-0000-0000-000000000009', 'a1b2c3d4-e5f6-7890-abcd-666666666666', 'f1000001-0000-0000-0000-000000000010', 'b1000001-0000-0000-0000-000000000011', '280000', 'payme', 'pay_txn_009yza', 'TRUE', 'TRUE', '1/1/25 9:00', '1/1/25 9:30'),
    ('d1001021-0000-0000-0000-000000000010', 'a1b2c3d4-e5f6-7890-abcd-777777777777', 'f1000001-0000-0000-0000-000000000012', 'b1000001-0000-0000-0000-000000000013', '190000', 'click', 'clk_txn_010bcd', 'TRUE', 'TRUE', '1/11/25 10:00', '1/11/25 10:30'),
    ('d1001021-0000-0000-0000-000000000011', 'a1b2c3d4-e5f6-7890-abcd-555555555555', 'f1000001-0000-0000-0000-000000000014', 'b1000001-0000-0000-0000-000000000015', '250000', 'payme', 'pay_txn_011efg', 'TRUE', 'TRUE', '1/21/25 12:00', '1/21/25 12:30'),
    ('d1001021-0000-0000-0000-000000000012', 'a1b2c3d4-e5f6-7890-abcd-444444444444', 'f1000001-0000-0000-0000-000000000013', 'b1000001-0000-0000-0000-000000000014', '520000', 'click', 'clk_txn_012hij', 'TRUE', 'TRUE', '1/16/25 9:00', '1/16/25 9:30'),
    ('d1001021-0000-0000-0000-000000000013', 'a1b2c3d4-e5f6-7890-abcd-666666666666', 'f1000001-0000-0000-0000-000000000011', 'b1000001-0000-0000-0000-000000000012', '420000', 'payme', 'pay_txn_013klm', 'TRUE', 'TRUE', '1/6/25 10:00', '1/6/25 10:30'),
    ('d1001021-0000-0000-0000-000000000014', 'a1b2c3d4-e5f6-7890-abcd-777777777777', 'f1000001-0000-0000-0000-000000000009', 'b1000001-0000-0000-0000-000000000009', '450000', 'click', 'clk_txn_014nop', 'TRUE', 'TRUE', '12/27/24 12:00', '12/27/24 12:30');

INSERT INTO "lesson_progress" ("id", "enrollment_id", "content_id", "content_type", "is_completed", "watch_percent", "completed_at", "created_at", "updated_at") VALUES
    ('b1011001-0000-0000-0000-000000000001', 'd1001021-0000-0000-0000-000000000001', 'b1000001-0000-0000-0000-000000000005', 'module_content', 'TRUE', '100', '10/12/24 18:00', '10/11/24 9:00', '10/12/24 18:00'),
    ('b1011001-0000-0000-0000-000000000002', 'd1001021-0000-0000-0000-000000000001', 'b1000001-0000-0000-0000-000000000006', 'day_content', 'TRUE', '100', '10/13/24 20:15', '10/13/24 19:30', '10/13/24 20:15'),
    ('b1011001-0000-0000-0000-000000000003', 'd1001021-0000-0000-0000-000000000002', 'b1000001-0000-0000-0000-000000000001', 'day_content', 'TRUE', '100', '10/18/24 19:00', '10/17/24 7:00', '10/18/24 19:00'),
    ('b1011001-0000-0000-0000-000000000004', 'd1001021-0000-0000-0000-000000000002', 'b1000001-0000-0000-0000-000000000002', 'day_content', 'FALSE', '45', NULL, '10/18/24 19:30', '10/18/24 19:45'),
    ('b1011001-0000-0000-0000-000000000005', 'd1001021-0000-0000-0000-000000000003', 'b1000001-0000-0000-0000-000000000006', 'module_content', 'FALSE', '72', NULL, '11/3/24 12:00', '11/3/24 12:25'),
    ('b1011001-0000-0000-0000-000000000006', 'd1001021-0000-0000-0000-000000000005', 'b1000001-0000-0000-0000-000000000007', 'day_content', 'TRUE', '100', '12/8/24 17:30', '12/7/24 9:00', '12/8/24 17:30'),
    ('b1011001-0000-0000-0000-000000000007', 'd1001021-0000-0000-0000-000000000006', 'b1000001-0000-0000-0000-000000000004', 'day_content', 'FALSE', '20', NULL, '1/12/25 10:00', '1/12/25 10:08'),
    ('b1011001-0000-0000-0000-000000000008', 'd1001021-0000-0000-0000-000000000007', 'b1000001-0000-0000-0000-000000000008', 'day_content', 'TRUE', '100', '12/6/24 18:00', '12/5/24 9:00', '12/6/24 18:00'),
    ('b1011001-0000-0000-0000-000000000009', 'd1001021-0000-0000-0000-000000000008', 'b1000001-0000-0000-0000-000000000011', 'day_content', 'FALSE', '60', NULL, '12/24/24 9:00', '12/24/24 10:00'),
    ('b1011001-0000-0000-0000-000000000010', 'd1001021-0000-0000-0000-000000000009', 'b1000001-0000-0000-0000-000000000013', 'day_content', 'TRUE', '100', '1/3/25 19:00', '1/2/25 9:00', '1/3/25 19:00'),
    ('b1011001-0000-0000-0000-000000000011', 'd1001021-0000-0000-0000-000000000010', 'b1000001-0000-0000-0000-000000000015', 'day_content', 'TRUE', '100', '1/12/25 18:00', '1/12/25 9:00', '1/12/25 18:00'),
    ('b1011001-0000-0000-0000-000000000012', 'd1001021-0000-0000-0000-000000000011', 'b1000001-0000-0000-0000-000000000017', 'day_content', 'FALSE', '35', NULL, '1/23/25 9:00', '1/23/25 10:00'),
    ('b1011001-0000-0000-0000-000000000013', 'd1001021-0000-0000-0000-000000000012', 'b1000001-0000-0000-0000-000000000016', 'day_content', 'TRUE', '100', '1/18/25 20:15', '1/17/25 9:00', '1/18/25 20:15'),
    ('b1011001-0000-0000-0000-000000000014', 'd1001021-0000-0000-0000-000000000013', 'b1000001-0000-0000-0000-000000000014', 'day_content', 'FALSE', '80', NULL, '1/8/25 9:00', '1/8/25 10:00'),
    ('b1011001-0000-0000-0000-000000000015', 'd1001021-0000-0000-0000-000000000014', 'b1000001-0000-0000-0000-000000000012', 'day_content', 'TRUE', '100', '12/29/24 19:00', '12/28/24 9:00', '12/29/24 19:00');

INSERT INTO "favorites" ("id", "user_id", "course_id", "created_at") VALUES
    ('b1020101-0000-0000-0000-000000000001', 'a1b2c3d4-e5f6-7890-abcd-444444444444', 'f1000001-0000-0000-0000-000000000001', '10/8/24 15:00'),
    ('b1020101-0000-0000-0000-000000000002', 'a1b2c3d4-e5f6-7890-abcd-444444444444', 'f1000001-0000-0000-0000-000000000003', '10/9/24 11:30'),
    ('b1020101-0000-0000-0000-000000000003', 'a1b2c3d4-e5f6-7890-abcd-555555555555', 'f1000001-0000-0000-0000-000000000002', '10/20/24 9:00'),
    ('b1020101-0000-0000-0000-000000000004', 'a1b2c3d4-e5f6-7890-abcd-666666666666', 'f1000001-0000-0000-0000-000000000004', '11/15/24 16:45'),
    ('b1020101-0000-0000-0000-000000000005', 'a1b2c3d4-e5f6-7890-abcd-777777777777', 'f1000001-0000-0000-0000-000000000001', '12/1/24 8:20'),
    ('b1020101-0000-0000-0000-000000000006', 'a1b2c3d4-e5f6-7890-abcd-444444444444', 'f1000001-0000-0000-0000-000000000008', '12/19/24 15:00'),
    ('b1020101-0000-0000-0000-000000000007', 'a1b2c3d4-e5f6-7890-abcd-555555555555', 'f1000001-0000-0000-0000-000000000014', '1/19/25 9:00'),
    ('b1020101-0000-0000-0000-000000000008', 'a1b2c3d4-e5f6-7890-abcd-666666666666', 'f1000001-0000-0000-0000-000000000010', '12/30/24 11:30'),
    ('b1020101-0000-0000-0000-000000000009', 'a1b2c3d4-e5f6-7890-abcd-777777777777', 'f1000001-0000-0000-0000-000000000012', '1/9/25 8:20'),
    ('b1020101-0000-0000-0000-000000000010', 'a1b2c3d4-e5f6-7890-abcd-555555555555', 'f1000001-0000-0000-0000-000000000006', '11/29/24 15:00'),
    ('b1020101-0000-0000-0000-000000000011', 'a1b2c3d4-e5f6-7890-abcd-777777777777', 'f1000001-0000-0000-0000-000000000013', '1/14/25 11:30');